descricao;numero
email;{"nome":"Carlos","email":"carlos@email.com"};
email;{"nome":"Carlos","email":"carlos@email.com"};
email;{"nome":"Carlos","email":"carlos@email.com"};
email;{"nome":"Carlos","email":"carlos@email.com"};
email;{"nome":"Carlos","email":"carlos@email.com"};
email;{"nome":"Carlos","email":"carlos@email.com"};
email;{"nome":"Carlos","email":"carlos@email.com"};
email;{"nome":"Carlos","email":"carlos@email.com"};
email;{"nome":"Carlos","email":"carlos@email.com"};
email;{"nome":"Carlos","email":"carlos@email.com"};
email;{"nome":"Carlos","email":"carlos@email.com"};
email;{"nome":"Carlos","email":"carlos@email.com"};
email;{"nome":"Carlos","email":"carlos@email.com"};
email;{"nome":"Carlos","email":"carlos@email.com"};
email;{"nome":"Carlos","email":"carlos@email.com"};
email;{"nome":"Carlos","email":"carlos@email.com"};
email;{"nome":"Carlos","email":"carlos@email.com"};
email;{"nome":"Carlos","email":"carlos@email.com"};
email;{"nome":"Carlos","email":"carlos@email.com"};
email;{"nome":"Carlos","email":"carlos@email.com"};
email;{"nome":"Carlos","email":"carlos@email.com"};
